#ROW_NO.	INPUT	PROTEIN_ID	POSITION	RESIDUE_REF	RESIDUE_ALT	SCORE	PREDICTION (cutoff=-2.5)	#SEQ	#CLUSTER	SCORE	PREDICTION (cutoff=0.05)	MEDIAN_INFO	#SEQ
1	P47813,137,D,Y	P47813	137	D	Y	-3.31	Deleterious	328	30	0.001	Damaging	3.47	148
2	P47813,135,G,E	P47813	135	G	E	0.30	Neutral	328	30	0.584	Tolerated	3.38	145
3	P47813,127,D,A	P47813	127	D	A	-3.24	Deleterious	328	30	0.096	Tolerated	3.03	284
4	P47813,122,G,D	P47813	122	G	D	-2.34	Neutral	328	30	0.129	Tolerated	3.00	277
5	P47813,122,G,V	P47813	122	G	V	-4.63	Deleterious	328	30	0.059	Tolerated	3.00	277
6	P47813,119,D,N	P47813	119	D	N	-3.04	Deleterious	328	30	0.067	Tolerated	2.91	290
7	P47813,116,N,S	P47813	116	N	S	-4.38	Deleterious	328	30	0.024	Damaging	2.93	329
8	P47813,107,G,S	P47813	107	G	S	-5.64	Deleterious	328	30	0.006	Damaging	2.83	359
9	P47813,101,R,G	P47813	101	R	G	-6.72	Deleterious	328	30	0.015	Damaging	2.77	365
10	P47813,101,R,G	P47813	101	R	G	-6.72	Deleterious	328	30	0.015	Damaging	2.77	365
11	P47813,99,E,K	P47813	99	E	K	-3.86	Deleterious	328	30	0.008	Damaging	2.77	365
12	P47813,86,D,N	P47813	86	D	N	-4.43	Deleterious	328	30	0.055	Tolerated	2.77	367
13	P47813,82,R,Q	P47813	82	R	Q	-3.86	Deleterious	328	30	0.021	Damaging	2.77	368
14	P47813,82,R,Q	P47813	82	R	Q	-3.86	Deleterious	328	30	0.021	Damaging	2.77	368
15	P47813,78,L,V	P47813	78	L	V	-2.90	Deleterious	328	30	0.001	Damaging	2.77	368
16	P47813,77,I,M	P47813	77	I	M	-2.72	Deleterious	328	30	0.001	Damaging	2.77	368
17	P47813,74,S,L	P47813	74	S	L	-4.01	Deleterious	328	30	0.058	Tolerated	2.77	368
18	P47813,74,S,L	P47813	74	S	L	-4.01	Deleterious	328	30	0.058	Tolerated	2.77	368
19	P47813,74,S,L	P47813	74	S	L	-4.01	Deleterious	328	30	0.058	Tolerated	2.77	368
20	P47813,74,S,L	P47813	74	S	L	-4.01	Deleterious	328	30	0.058	Tolerated	2.77	368
21	P47813,74,S,T	P47813	74	S	T	-2.00	Neutral	328	30	0.002	Damaging	2.77	368
22	P47813,72,N,D	P47813	72	N	D	-3.78	Deleterious	328	30	0.036	Damaging	2.77	367
23	P47813,71,I,K	P47813	71	I	K	-6.24	Deleterious	328	30	0.000	Damaging	2.77	367
24	P47813,70,W,C	P47813	70	W	C	-12.58	Deleterious	328	30	0.000	Damaging	2.77	367
25	P47813,70,W,C	P47813	70	W	C	-12.58	Deleterious	328	30	0.000	Damaging	2.77	367
26	P47813,70,W,C	P47813	70	W	C	-12.58	Deleterious	328	30	0.000	Damaging	2.77	367
27	P47813,70,W,L	P47813	70	W	L	-12.58	Deleterious	328	30	0.002	Damaging	2.77	367
28	P47813,70,W,L	P47813	70	W	L	-12.58	Deleterious	328	30	0.002	Damaging	2.77	367
29	P47813,67,K,N	P47813	67	K	N	-4.88	Deleterious	328	30	0.001	Damaging	2.77	366
30	P47813,62,R,K	P47813	62	R	K	-2.80	Deleterious	328	30	0.002	Damaging	2.77	366
31	P47813,61,I,L	P47813	61	I	L	-1.96	Neutral	328	30	0.103	Tolerated	2.77	365
32	P47813,57,R,G	P47813	57	R	G	-6.86	Deleterious	328	30	0.002	Damaging	2.77	364
33	P47813,54,G,D	P47813	54	G	D	-6.36	Deleterious	328	30	0.006	Damaging	2.86	364
34	P47813,53,D,N	P47813	53	D	N	-4.89	Deleterious	328	30	0.014	Damaging	2.86	364
35	P47813,53,D,N	P47813	53	D	N	-4.89	Deleterious	328	30	0.014	Damaging	2.86	364
36	P47813,46,R,Q	P47813	46	R	Q	-3.91	Deleterious	328	30	0.002	Damaging	2.77	365
37	P47813,41,M,V	P47813	41	M	V	-3.80	Deleterious	328	30	0.092	Tolerated	2.77	364
38	P47813,36,A,T	P47813	36	A	T	-3.73	Deleterious	328	30	0.005	Damaging	2.78	363
39	P47813,24,R,T	P47813	24	R	T	-5.79	Deleterious	328	30	0.054	Tolerated	2.77	356
40	P47813,24,R,T	P47813	24	R	T	-5.79	Deleterious	328	30	0.054	Tolerated	2.77	356
41	P47813,24,R,T	P47813	24	R	T	-5.79	Deleterious	328	30	0.054	Tolerated	2.77	356
42	P47813,22,E,Q	P47813	22	E	Q	-1.53	Neutral	328	30	0.376	Tolerated	2.79	335
43	P47813,21,S,F	P47813	21	S	F	-3.15	Deleterious	328	30	0.123	Tolerated	2.80	330
44	P47813,16,K,E	P47813	16	K	E	-3.68	Deleterious	328	30	0.001	Damaging	2.94	297
45	P47813,15,G,V	P47813	15	G	V	-8.60	Deleterious	328	30	0.001	Damaging	2.98	295
46	P47813,15,G,D	P47813	15	G	D	-6.69	Deleterious	328	30	0.000	Damaging	2.98	295
47	P47813,15,G,D	P47813	15	G	D	-6.69	Deleterious	328	30	0.000	Damaging	2.98	295
48	P47813,15,G,V	P47813	15	G	V	-8.60	Deleterious	328	30	0.001	Damaging	2.98	295
49	P47813,15,G,D	P47813	15	G	D	-6.69	Deleterious	328	30	0.000	Damaging	2.98	295
50	P47813,15,G,S	P47813	15	G	S	-5.73	Deleterious	328	30	0.002	Damaging	2.98	295
51	P47813,14,R,S	P47813	14	R	S	-5.73	Deleterious	328	30	0.071	Tolerated	2.98	295
52	P47813,14,R,W	P47813	14	R	W	-7.65	Deleterious	328	30	0.000	Damaging	2.98	295
53	P47813,14,R,G	P47813	14	R	G	-6.69	Deleterious	328	30	0.001	Damaging	2.98	295
54	P47813,13,R,H	P47813	13	R	H	-4.61	Deleterious	328	30	0.011	Damaging	2.98	294
55	P47813,13,R,H	P47813	13	R	H	-4.61	Deleterious	328	30	0.011	Damaging	2.98	294
56	P47813,13,R,L	P47813	13	R	L	-6.45	Deleterious	328	30	0.101	Tolerated	2.98	294
57	P47813,13,R,L	P47813	13	R	L	-6.45	Deleterious	328	30	0.101	Tolerated	2.98	294
58	P47813,13,R,H	P47813	13	R	H	-4.61	Deleterious	328	30	0.011	Damaging	2.98	294
59	P47813,13,R,P	P47813	13	R	P	-6.37	Deleterious	328	30	0.002	Damaging	2.98	294
60	P47813,13,R,L	P47813	13	R	L	-6.45	Deleterious	328	30	0.101	Tolerated	2.98	294
61	P47813,13,R,L	P47813	13	R	L	-6.45	Deleterious	328	30	0.101	Tolerated	2.98	294
62	P47813,13,R,H	P47813	13	R	H	-4.61	Deleterious	328	30	0.011	Damaging	2.98	294
63	P47813,13,R,H	P47813	13	R	H	-4.61	Deleterious	328	30	0.011	Damaging	2.98	294
64	P47813,13,R,H	P47813	13	R	H	-4.61	Deleterious	328	30	0.011	Damaging	2.98	294
65	P47813,13,R,C	P47813	13	R	C	-7.40	Deleterious	328	30	0.005	Damaging	2.98	294
66	P47813,13,R,G	P47813	13	R	G	-6.45	Deleterious	328	30	0.041	Damaging	2.98	294
67	P47813,13,R,C	P47813	13	R	C	-7.40	Deleterious	328	30	0.005	Damaging	2.98	294
68	P47813,13,R,C	P47813	13	R	C	-7.40	Deleterious	328	30	0.005	Damaging	2.98	294
69	P47813,13,R,C	P47813	13	R	C	-7.40	Deleterious	328	30	0.005	Damaging	2.98	294
70	P47813,12,R,G	P47813	12	R	G	-6.42	Deleterious	328	30	0.005	Damaging	2.98	292
71	P47813,12,R,G	P47813	12	R	G	-6.42	Deleterious	328	30	0.005	Damaging	2.98	292
72	P47813,10,K,T	P47813	10	K	T	-5.74	Deleterious	328	30	0.048	Damaging	2.96	291
73	P47813,10,K,E	P47813	10	K	E	-3.83	Deleterious	328	30	0.001	Damaging	2.96	291
74	P47813,10,K,E	P47813	10	K	E	-3.83	Deleterious	328	30	0.001	Damaging	2.96	291
75	P47813,10,K,E	P47813	10	K	E	-3.83	Deleterious	328	30	0.001	Damaging	2.96	291
76	P47813,10,K,E	P47813	10	K	E	-3.83	Deleterious	328	30	0.001	Damaging	2.96	291
77	P47813,9,G,D	P47813	9	G	D	-6.60	Deleterious	328	30	0.000	Damaging	3.10	289
78	P47813,9,G,D	P47813	9	G	D	-6.60	Deleterious	328	30	0.000	Damaging	3.10	289
79	P47813,9,G,V	P47813	9	G	V	-8.40	Deleterious	328	30	0.001	Damaging	3.10	289
80	P47813,9,G,D	P47813	9	G	D	-6.60	Deleterious	328	30	0.000	Damaging	3.10	289
81	P47813,9,G,V	P47813	9	G	V	-8.40	Deleterious	328	30	0.001	Damaging	3.10	289
82	P47813,9,G,V	P47813	9	G	V	-8.40	Deleterious	328	30	0.001	Damaging	3.10	289
83	P47813,9,G,D	P47813	9	G	D	-6.60	Deleterious	328	30	0.000	Damaging	3.10	289
84	P47813,9,G,R	P47813	9	G	R	-7.53	Deleterious	328	30	0.032	Damaging	3.10	289
85	P47813,9,G,R	P47813	9	G	R	-7.53	Deleterious	328	30	0.032	Damaging	3.10	289
86	P47813,9,G,R	P47813	9	G	R	-7.53	Deleterious	328	30	0.032	Damaging	3.10	289
87	P47813,8,G,A	P47813	8	G	A	-5.61	Deleterious	328	30	0.001	Damaging	3.09	288
88	P47813,8,G,V	P47813	8	G	V	-8.26	Deleterious	328	30	0.000	Damaging	3.09	288
89	P47813,8,G,E	P47813	8	G	E	-7.42	Deleterious	328	30	0.012	Damaging	3.09	288
90	P47813,8,G,A	P47813	8	G	A	-5.61	Deleterious	328	30	0.001	Damaging	3.09	288
91	P47813,8,G,A	P47813	8	G	A	-5.61	Deleterious	328	30	0.001	Damaging	3.09	288
92	P47813,8,G,V	P47813	8	G	V	-8.26	Deleterious	328	30	0.000	Damaging	3.09	288
93	P47813,8,G,V	P47813	8	G	V	-8.26	Deleterious	328	30	0.000	Damaging	3.09	288
94	P47813,8,G,V	P47813	8	G	V	-8.26	Deleterious	328	30	0.000	Damaging	3.09	288
95	P47813,8,G,A	P47813	8	G	A	-5.61	Deleterious	328	30	0.001	Damaging	3.09	288
96	P47813,8,G,V	P47813	8	G	V	-8.26	Deleterious	328	30	0.000	Damaging	3.09	288
97	P47813,8,G,R	P47813	8	G	R	-7.27	Deleterious	328	30	0.001	Damaging	3.09	288
98	P47813,8,G,R	P47813	8	G	R	-7.27	Deleterious	328	30	0.001	Damaging	3.09	288
99	P47813,8,G,R	P47813	8	G	R	-7.27	Deleterious	328	30	0.001	Damaging	3.09	288
100	P47813,8,G,R	P47813	8	G	R	-7.27	Deleterious	328	30	0.001	Damaging	3.09	288
101	P47813,8,G,R	P47813	8	G	R	-7.27	Deleterious	328	30	0.001	Damaging	3.09	288
102	P47813,8,G,R	P47813	8	G	R	-7.27	Deleterious	328	30	0.001	Damaging	3.09	288
103	P47813,7,K,R	P47813	7	K	R	-2.66	Deleterious	328	30	0.039	Damaging	3.11	280
104	P47813,7,K,R	P47813	7	K	R	-2.66	Deleterious	328	30	0.039	Damaging	3.11	280
105	P47813,6,G,D	P47813	6	G	D	-5.71	Deleterious	328	30	0.001	Damaging	3.11	274
106	P47813,6,G,D	P47813	6	G	D	-5.71	Deleterious	328	30	0.001	Damaging	3.11	274
107	P47813,6,G,D	P47813	6	G	D	-5.71	Deleterious	328	30	0.001	Damaging	3.11	274
108	P47813,6,G,C	P47813	6	G	C	-7.43	Deleterious	328	30	0.001	Damaging	3.11	274
109	P47813,6,G,R	P47813	6	G	R	-6.56	Deleterious	328	30	0.004	Damaging	3.11	274
110	P47813,6,G,C	P47813	6	G	C	-7.43	Deleterious	328	30	0.001	Damaging	3.11	274
111	P47813,5,K,E	P47813	5	K	E	-3.12	Deleterious	328	30	0.009	Damaging	3.16	264
112	P47813,4,N,K	P47813	4	N	K	-4.33	Deleterious	328	30	0.070	Tolerated	3.16	261
113	P47813,4,N,S	P47813	4	N	S	-3.54	Deleterious	328	30	0.095	Tolerated	3.16	261
114	P47813,4,N,I	P47813	4	N	I	-6.73	Deleterious	328	30	0.000	Damaging	3.16	261
115	P47813,4,N,D	P47813	4	N	D	-3.74	Deleterious	328	30	0.004	Damaging	3.16	261
116	P47813,4,N,Y	P47813	4	N	Y	-6.07	Deleterious	328	30	0.001	Damaging	3.16	261
117	P47813,3,K,N	P47813	3	K	N	-3.91	Deleterious	328	30	0.001	Damaging	3.18	260
118	P47813,3,K,R	P47813	3	K	R	-2.45	Neutral	328	30	0.045	Damaging	3.18	260
119	P47813,3,K,M	P47813	3	K	M	-4.73	Deleterious	328	30	0.000	Damaging	3.18	260
120	P47813,3,K,E	P47813	3	K	E	-3.16	Deleterious	328	30	0.001	Damaging	3.18	260
121	P47813,3,K,E	P47813	3	K	E	-3.16	Deleterious	328	30	0.001	Damaging	3.18	260
122	P47813,2,P,R	P47813	2	P	R	-6.77	Deleterious	328	30	0.001	Damaging	3.18	257
123	P47813,2,P,L	P47813	2	P	L	-7.45	Deleterious	328	30	0.001	Damaging	3.18	257
124	P47813,2,P,L	P47813	2	P	L	-7.45	Deleterious	328	30	0.001	Damaging	3.18	257
125	P47813,2,P,L	P47813	2	P	L	-7.45	Deleterious	328	30	0.001	Damaging	3.18	257
126	P47813,2,P,R	P47813	2	P	R	-6.77	Deleterious	328	30	0.001	Damaging	3.18	257
127	P47813,2,P,S	P47813	2	P	S	-5.95	Deleterious	328	30	0.001	Damaging	3.18	257
128	P47813,2,P,S	P47813	2	P	S	-5.95	Deleterious	328	30	0.001	Damaging	3.18	257
